[
    {
        "name":"Tech Innovator Inc",
        "industry":"Technology",
        "founded":2010,
        "Employees":250,
        "headquarters":"San Francisdco, CA"

    },

     {
        "name":"Tech Innovator Inc",
        "industry":"Technology",
        "founded":2010,
        "Employees":250,
        "headquarters":"San Francisdco, CA"

    },
    {
        "name":"Tech Innovator Inc",
        "industry":"Technology",
        "founded":2010,
        "Employees":250,
        "headquarters":"San Francisdco, CA"

    }
    
    
]